artist,image,genre,Sep 14 2019,Sep 15 2019,Sep 16 2019,Sep 17 2019,Sep 18 2019,Sep 19 2019,Sep 20 2019,Sep 21 2019,Sep 22 2019,Sep 23 2019,Sep 24 2019,Sep 25 2019,Sep 26 2019,Sep 27 2019,Sep 28 2019,Sep 29 2019,Sep 30 2019,Oct 1 2019,Oct 2 2019,Oct 3 2019,Oct 4 2019,Oct 5 2019,Oct 6 2019,Oct 7 2019,Oct 8 2019,Oct 9 2019,Oct 10 2019,Oct 11 2019,Oct 12 2019,Oct 13 2019,Oct 14 2019,Oct 15 2019,Oct 16 2019,Oct 17 2019,Oct 18 2019,Oct 19 2019,Oct 20 2019,Oct 21 2019,Oct 22 2019,Oct 23 2019,Oct 24 2019,Oct 25 2019,Oct 26 2019,Oct 27 2019,Oct 28 2019,Oct 29 2019,Oct 30 2019,Oct 31 2019,Nov 1 2019,Nov 2 2019,Nov 3 2019,Nov 4 2019,Nov 5 2019,Nov 6 2019,Nov 7 2019,Nov 8 2019,Nov 9 2019,Nov 10 2019,Nov 12 2019,Nov 13 2019,Nov 14 2019,Nov 15 2019,Nov 17 2019,Nov 18 2019,Nov 19 2019,Nov 20 2019,Nov 21 2019,Nov 22 2019,Nov 23 2019,Nov 25 2019,Nov 28 2019,Nov 29 2019,Dec 1 2019,Dec 2 2019,Dec 3 2019,Dec 4 2019,Dec 5 2019,Dec 6 2019,Dec 7 2019,Dec 8 2019,Dec 9 2019,Dec 10 2019,Dec 11 2019,Dec 12 2019,Dec 13 2019,Dec 14 2019,Dec 15 2019,Dec 16 2019,Dec 17 2019,Dec 18 2019,Dec 19 2019,Dec 20 2019,Dec 21 2019,Dec 22 2019,Dec 23 2019,Dec 25 2019,Dec 26 2019,Dec 27 2019,Dec 30 2019,Dec 31 2019,Jan 2 2020,Jan 3 2020,Jan 4 2020,Jan 5 2020,Jan 6 2020,Jan 7 2020,Jan 8 2020,Jan 9 2020,Jan 10 2020,Jan 11 2020,Jan 12 2020,Jan 13 2020,Jan 15 2020,Jan 16 2020,Jan 17 2020,Jan 18 2020,Jan 19 2020,Jan 20 2020,Jan 21 2020,Jan 22 2020,Jan 23 2020,Jan 24 2020,Jan 25 2020,Jan 26 2020,Jan 27 2020,Jan 28 2020,Jan 29 2020,Jan 30 2020,Jan 31 2020,Feb 1 2020,Feb 2 2020,Feb 3 2020,Feb 4 2020,Feb 5 2020,Feb 6 2020,Feb 7 2020,Feb 8 2020,Feb 9 2020,Feb 10 2020,Feb 11 2020,Feb 12 2020,Feb 13 2020,Feb 14 2020,Feb 15 2020,Feb 16 2020,Feb 17 2020,Feb 18 2020,Feb 19 2020,Feb 20 2020,Feb 21 2020,Feb 22 2020,Feb 23 2020,Feb 24 2020,Feb 25 2020,Feb 26 2020,Feb 27 2020,Feb 28 2020,Feb 29 2020,Mar 1 2020,Mar 2 2020,Mar 3 2020,Mar 4 2020,Mar 5 2020,Mar 6 2020,Mar 7 2020,Mar 8 2020,Mar 9 2020,Mar 10 2020,Mar 11 2020,Mar 12 2020,Mar 13 2020,Mar 14 2020,Mar 15 2020,Mar 16 2020,Mar 17 2020
Death Grips,https://lastfm.freetls.fastly.net/i/u/avatar150s/8a274fe7eb8153e8200c63b54c81c7ef,hip-hop,3,4,8,16,,,44,,,,,,,,46,,,,,,,,,58,,,,,,,,,,,,,,,,,89,,,,,,,,,,,,,,,,,,,,,,91,,,,,97,98,,,,,110,112,,,,,,,,,,,,,,,,,,,,,,,,,113,,,,,,125,,,,,,,,,126,,,,,,,,131,145,,,,,,,,,,146,148,150,,157,158,159,162,164,184,,,,187,,,,,188,190,,191,192,212,,,,,213,214,216,,,,217,219,220,238,,,,
JPEGMAFIA,https://lastfm.freetls.fastly.net/i/u/avatar150s/eff3a7c76383c7211305466720f0657b,hip-hop,2,37,74,89,,90,,,91,104,140,179,184,,199,,,,,,,,213,,,,226,,,,,,227,,,,,,,,,,,,239,,254,,,,262,,,,,,274,,,,277,,,,,,278,,,,,,,,,,,,,,280,281,288,,,,,,,,,,,,,,,,,,,,,,,,,,,,,,,292,,,,,294,,,306,307,308,,,,,,,,,311,,,312,,,,,313,,,,,,315,,317,319,,,320,,321,,322,,,325,326,327,,328,,,329,,,,337,339,378,,
David Bowie,https://lastfm.freetls.fastly.net/i/u/avatar150s/a2cab4a345c445e1a93904e21fc0b9fc,rock,25,77,,89,101,,105,,106,,115,,,,,122,,,,,,,,131,140,142,,,158,,,,,,,,,159,160,193,204,,,,,209,,,,,,,,,215,,,,,,,,,,,,,,,,,,,216,219,,,,,,,,,,,,,,,,,,,,222,223,,,,,,,,235,,,,,,,,,,,236,,,,238,,242,,248,262,,,,,,268,270,274,286,295,299,303,,324,337,340,345,350,354,,362,363,365,366,369,370,,,,371,374,380,387,,,392,394,399,401,413,414,416,417,420,425,428,470,483,486,,
88Rising,https://lastfm.freetls.fastly.net/i/u/avatar150s/9b258ebffb631c1597eeca9cc033693b,hip-hop,2,,8,,,,,,,,,,,,,,,,12,,13,,,,,,,,,31,,,,,,,,,,,,,,,,,,,,,,,,,,,,,,,,,,,,,,,,,,,,,,,,,,,,,,,,,,,,,,,,,,,,,,,,,,,,,,,,,,,,,,,,,,,,,,,,,,,,,,,,,,,,,,,,,,,,,,,,,,,,,,,,,,,,,,,,,,,,,,,,,
Swans,https://lastfm.freetls.fastly.net/i/u/avatar150s/0534b386875444108474d3c506417dbb,post-punk,9,18,,24,26,49,55,61,69,,98,102,128,141,169,176,,,191,,,,,,198,200,,,,,,,,,203,,,,,,,213,,,231,242,261,269,270,,,,,,,273,287,,295,304,311,351,362,,,,,,,,,,,364,,,,,378,,,,,,,386,388,,,,,391,396,,,398,,,399,413,,,,,,,,,,,415,,,423,424,,,,,,,,,,427,433,,,,,,437,,,438,,,,,439,440,441,,,,,,443,,444,452,,,453,,454,455,,,,457,,,,,,458,459,460,,,461,,,
Queens of the Stone Age,https://lastfm.freetls.fastly.net/i/u/avatar150s/e12805da20c17a2fa1c4fdb2cb6f22d9,stoner rock,2,16,,22,,,,,,,,,,,23,29,55,60,,,67,86,95,,,,,,,,,,96,,,,,,,,,,,,,,,,,,,,,,,,,,,,,,,,,,,,,,98,,100,102,,,,,,,,,,,,,,,,,,,,103,,,,,,,110,127,,,,,,,,,,,,,131,,,,132,147,,,150,,,,,,,,,151,,,152,,,,,,,,,,,,,,,,,,,,154,,,,,,,156,157,,,,,,158,159,,,160,,
the i.l.y's,https://lastfm.freetls.fastly.net/i/u/avatar150s/94af2ab954d98ed67218501e4f48f7e3,noise rock,,3,,4,,,,,,,,,,,,,,,,9,,,,,,,,,,,,,,,,,,,,,,,,,,,,,,,,,,,,,,,,,,,,,,,,,,,,,,,,,,,,,,,,,,,,,,,,,,,,,,,,,,,,,,,,,,,,,,,,,,,,,,,10,,,,,,,,,,,,,,,,,,,,,,,,,,,,,,,,,,,,,,,,,,,,,,,,,,,,
Daughters,https://lastfm.freetls.fastly.net/i/u/avatar150s/d74cfaff18908e2f3c9bec992cca4217,mathcore,,18,,19,20,,,,21,,,,,,,,,,,22,44,,,,,,,,,,,,,,,,,,,,,,,,,,,,,,,,,,,,,,,,,,,,,,,,,,,,,52,,,,,,,,,,,,,,,,,,55,,,,,,,,,,,,,,,,,,,,,,,,,,67,,,,,68,,,,,,,,,,,69,,70,,,,,,71,,,,,,72,,,,,,,74,,75,,,,,76,,,,,,,,,,,,,
King Crimson,https://static.independent.co.uk/s3fs-public/thumbnails/image/2019/09/26/15/King-Crimson-1974.jpg,progressive rock,,11,,21,31,,40,42,67,,,71,,,,73,,,78,,79,,,,,110,,,,,,,,,,,,,,,,,,,,,,,,129,,,136,,152,,154,,,,,,,,,,,,,,,,,,155,,,,,,,,,,,,,,,,,,,,,,,,,,,157,,,,,,,,,,,,,,,,169,,,,,,,,,,,195,202,,214,217,218,,,,,,,,219,,,,220,,248,249,254,,,,,256,,257,,277,284,339,350,352,360,,,362,,363,379,,380,386,,
black midi,https://lastfm.freetls.fastly.net/i/u/avatar150s/12f5aa8ebf42b2e5b4f240b30c3cc720,math rock,,10,,,,,,,14,,,,,,,,35,,,,,36,,,,,,,,,,,,,,,,,,,,,,,,,,,,,,,,,,,,,,,,,,,,,,,,,,,,38,,,,,,,,,,,,,,,,,,,,,,,,,,,,,,,,,,,,,,,40,,,,51,,,,,,,,,,,,,,,,,,,52,,61,,62,,,,,,,,,,,,,,,,,,,,,,,,,,,,,,,,,,,
Kids See Ghosts,https://lastfm.freetls.fastly.net/i/u/avatar150s/4f0b2afed3fc669e23bff4660a37602a,hip-hop,,3,,4,,,,,,,,,,,,,,,,,,,,,,13,,,,,,,,,,,,,,,,,,,,,,,,,,,,,,,,,,,,,,,,,,,,,,,,,,,,,,,,,,,,,,,,,,,,,,,,,,,,,,,,,,,,,,,,,,,,,,,,,,,,,,,,,,,,,,,,,,,,,,,,,,,,,,,,,,,,,,,,,,,,,,,,,,,,,
Tyler the Creator,https://lastfm.freetls.fastly.net/i/u/avatar150s/3841278c67929b4e2b1ebe6b38396a11,hip-hop,,17,,29,,30,31,,,,,,,,,,,,,,,,,,32,,,,,,,,,,,,,,,,,,,,,,,,,,,,,,,,,,,,,,,,,,,,,,,,33,35,,,,,,,,,,,,,,,,,,,,,38,40,,,,,,,,,,,,,,,,,,,,45,47,,,,,,48,,,,,,,,,,,,,,,,49,50,,,,,,,,,,51,,52,,53,,,55,,,,56,,57,,,,,,,,,58,,,
Saul Williams,https://lastfm.freetls.fastly.net/i/u/avatar150s/d680ab7f751b4e56bef7d88c7f159821,hip-hop,,4,,6,,,,,,,,,8,,,28,45,,,,,,,,,50,,,,,,,,,,,,,,,,,,,,,,,,,,,62,,,,,,,,,,,,,,,,,,,,,65,,,,,,,,,,67,,,,,,,,,70,,,,,,,,,,,,,,,,,,,86,,,,,,,,,,,,,,,,,,,,,,,89,,,,,,,,,,,,,,,,,,,,,,90,,,,,,,,,,,,,,,,,,
One In The Chamber,https://lastfm.freetls.fastly.net/i/u/avatar150s/7dc6b24101a259edd196933cf6801304,,,5,,6,,,,,,,15,,,,,,,,,,,,,,,21,,,,,,,,,,,,,,,,,,,,,,,,,,,,,,,,,,,,,,,,,,,,,,,,23,,,,,,,,,,,,,,,,,,,,,,,,,,,,,,,,,,,,34,,,,,,,,,,,,,,,,,,,,,,,,,,,,,,38,,,,,,,,,,,,,,,,,,,,,,,,39,,,,,,,,,,,
Iggy Pop,https://lastfm.freetls.fastly.net/i/u/avatar150s/c4698e5aa21e48c689e9bb9e584c5e01,punk,,8,,,,,,,,,,12,,,,,,,,,,,,,,,,,,,,,,,,,,,,,,,,,,,,,,,,,,,13,,,,,,,,,,,,,,,,,,,15,,,,,,,,,,,,,,,,,,,,,,,,,,,,,,,,,,,,,,,,,,,,,16,,,24,25,,,,,,,,,,,,,,,,32,,,,,,40,,,,,,,,,,,,,,,,,41,,,,,,,,,,,,,
King Gizzard And The Lizard Wizard,,psychedelic rock,,1,,,,,,,,,,,,,,,,,,,,,,,,,,,,,,,,,,,,,,,,,,,,,,,,,,,,,,,,,,,,,,,,,,,,,,,,,,,,,,,,,,,,,,,,,,,,,,,,,,,,,,,,,,,,,,,,,,,,,,,,,,,,,,,,,,,,,,,,,3,12,,,,,,,,,,,,,,,,,,,,,,,,,,,,,,,,,,,
Kanye West,https://lastfm.freetls.fastly.net/i/u/avatar150s/86722d82924399e064267bd106ac7ffc,hip-hop,,5,,7,,,,,,,,,27,,28,,51,,64,,,,,,,,94,119,144,160,161,188,215,231,,,,,,,,252,269,287,,302,315,,316,,,,328,,333,340,342,366,,,,,369,,,,,,,,373,375,,,376,,,,,,,388,,,,,,,,,,,,,398,400,,,,,,,,,,,,404,409,,410,,,,416,,428,,,,,,,434,,,,,,438,,439,,440,441,,,444,460,,,,461,,,462,,465,490,491,,,,492,,493,494,,496,,,,497,499,,,,,,,502,,,,
Billie Eilish,https://lastfm.freetls.fastly.net/i/u/avatar150s/d434da1bbd921dffe620c9b4fc66c65c,pop,,6,,,,,,,,,,,,,,8,16,29,,,,,,,,,,,,,,,,,,,,,,,,,,,,,,,,,,,,,,,,,,,,,,,,,34,,,,,,,,,,,,,,,,,,,,,,,,,,,,,,,,,,,,,,,,,,,,,,,,,,,,,,,,,,,,,,,,,,,,,,,,,37,,,38,,,39,,,,,,,,,,,,,,,,,,,,,,,,,,,,,
Nine Inch Nails,https://lastfm.freetls.fastly.net/i/u/avatar150s/20d9729683904ee499f6079f0de188d3,industrial,,19,,25,27,,28,,,,,45,71,,73,,,,,,,,,,,74,,,,,,,,,,,,,,,,98,,,,,,,,100,,,,,,,,110,,,,,,,,,,,111,,,,,112,114,,,,,,,,,,,,,,,,,,,,,,,126,,127,,,,,,,,,,,,,,,129,,,,130,,,,134,,,,,,,,,140,,141,,,,,142,143,144,161,176,,,,178,179,,,,182,183,,186,187,188,189,,190,191,193,194,197,,,,,199,200,,202,203,227,
Judas Priest,https://lastfm.freetls.fastly.net/i/u/avatar150s/e3a6177cba7a446bb4b37355dc430f01,heavy metal,,14,,,,,,,,,,25,26,,,,,,,37,,,,,,,,,,,,,,,,,,,,,,,,,,,,,,,,,,,,,,,,,,,,,,,,,,,,,,,,,,,,,,,,,,,,,,,,,,,,,,,,,,,,,,,,,,,,,,,,,,,,,,,40,,,,,,,,,,,,,,,,,,,,,,,,,,,,,,,,,,,,,,,,,,,,,,,,,,,,
Niki,https://lastfm.freetls.fastly.net/i/u/avatar150s/a6143808018fc3873e45070b353b2307,pop,,2,,,,,,,,,,,,,,,,,3,,,,,,,,,,,,,,,,,,,,,,,,,,,,,,,,,,,,,,,,,,,,,,,,,,,,,,,,,,,,,,,,,,,,,,,,,,,,,,,,,,,,,,,,,,,,6,,,,,,,,,,8,,,,,,,,,,,,,,9,,,,,,,,,,,,,,,,,,,,,,,,,,,,,,,,,,,,,,,,
Frank Ocean,https://lastfm.freetls.fastly.net/i/u/avatar150s/ddf637aa8e5dd1dafd0a35225cb4212f,rnb,,2,,,,,,,,,,,,,,,,,,,,,,,,,,,,,,,,,,,,,,,,,4,,,,,,,,,,,,,,,,,,,,,,,,,,,,,,,,,,,,,,,,,,,,,,,,,,,,,,,,,,,,,,,,,,,,,,,,,,,,,,,,,,,,,,,,,,,,5,,,,,,,,,,,,,,6,,,,,,,,,,,,,,,,,,,,,,,,,,
Idles,https://lastfm.freetls.fastly.net/i/u/avatar150s/fea5d6cab5365025ff1acf1ce4d812a1,post-punk,,25,,28,29,,33,,,,,,36,,,,,,,,,,,,,,44,,,,,,,,,,,,,,,,,,,,,,,,,,,,,,,,,,,,,,,,,,,,,,,46,47,,,50,,,,56,,,,,,,,,,,,,,,,,,,,,,,,,,,,,,,,,,,,69,,,,,,,,,,,,,,,,,,70,,,71,75,,77,78,81,105,,,,,,,106,,107,,108,109,,,,112,,113,114,,,,,,115,129,,,,
Slipknot,https://lastfm.freetls.fastly.net/i/u/avatar150s/1f2016c001c8441f929859143c06c22d,nu metal,,31,,33,,,,,,,,,,,,,,38,,,,,,,,,,,,,,,,,,,,,,,,,,,,,,,,,,,,,,,,,,,,,,,,,,,,,,,,,,,,,,,,,,,,,,,,,,,,,,,,,,,,,,,,,,,,,,,,,,,,,,,,,39,,,,,,,,,,,,,,,,,,,,,,,,40,,,,,,,,,48,,49,,,,,52,,,,,,,,,,,,
Kendrick Lamar,https://lastfm.freetls.fastly.net/i/u/avatar150s/389ec03ef1ff1c8ad16f0076e9b88c25,hip-hop,,28,,,,,,,,,,,,,,,,,32,,,,,,,,36,,46,,,,,,,,,,,,,,,48,49,,,,,,,,,,,,,,,,,,,,,,,,,,,,,,,,,,,,,,,,,,,,,,,,,,,,,,,,,,,,,,,,,,,,,,50,,,,,,,,51,,,,,,,,,,,,,,,,,,,,,,,,52,,,,,,,,54,,,,,,,,,,,,,,,,55,,,,
Green Day,https://lastfm.freetls.fastly.net/i/u/avatar150s/51b63e81c8274ffd9b115ded109184fc,punk rock,,18,,,,,19,,,,,,,,21,,,,,33,34,,,,,35,,,,,,,,,,,,,,,,,,,,,,,,,,,,,,,,,,,,,,,,,,,,,,,,,,,,,,,,,,,,,,,,,,,,,,,,,,,,,,,,,,,,,,,,,36,,,,,,,,,,,,,,,,,,,,,63,64,,67,,,,,,,68,,,,70,,,,,,74,77,,,,,,,,,,,,,,,,,,
Poppy,https://lastfm.freetls.fastly.net/i/u/avatar150s/868f9c9fd6420e03fa6bc2eb295d0e6d,pop,,14,,,,,,,,,,,,,,,,,,,17,,,,,,,,,,,,,,,,,,,,,,,,,,,,,,,,,,,,,,,,,,,,,,,,,,,,,,,,,,,,,,,22,,,,,,,,,,,,,,27,,,,,,,,,,,40,42,,,,,,,,,,,,,,,,,,,,,,,,,,,,,,,,,,,,,,,,,,,,,,,,,,,,,,,,,43,,45,,,,,,
Eminem,https://lastfm.freetls.fastly.net/i/u/avatar150s/28194299c41a45219482e26c9b4d31fa,rap,,1,,,,,,,,,,,,,,,,,,,,,,,,,,,,,,,,,,,,,,,,,,,,,,,,,,,,,,,,,,,,,,,,,,,,,,,,,,,,,,,,,,,,,,,,,,,,,,,,,,,,,,,,,,,,,,,,,4,,,,,,,,,,,,7,,,,,,,,,,,,8,,,,11,,,,,,,,,,,,,,,,,,,,,,,,,,,,,,,,
Childish Gambino,https://lastfm.freetls.fastly.net/i/u/avatar150s/d7345d317cdb680ba9f43f79ab24159a,hip-hop,,12,,14,,,,,,,,,,,,,,,,,29,,,,,,,,,,,,,,,,,,,,,,,,,,,,,,,,,,,,,,,,,,31,,,,,,,,,,,,,,,,,,,,,,,,,,,,,,,,,,,,,,,,34,,,,,,,,,,,,35,,,,,,,,,,,,,,,,,,,,40,,,,,,,,,,,,,,,,,,,,,,,,,,,,,,,,,,,41,,,,,
Joji,https://lastfm.freetls.fastly.net/i/u/avatar150s/ad9f0225df3b48bd47c076b167ea8663,hip-hop,,12,,,,,,,,,,,,,,,,,,,,,,,,,,,,,,,,,,,,,,,,,,,,,,,,,,,,,,,,,,,,,,,,,,,,,,,,,,,,,,,,,,,,,,,,,,,,,,,,,,,,,,,,,,,,,,,,,,,,,,,,,,,,,,,,,,,,,21,,,,,,,,,,,,,,,,,,,,,22,,,,,,,,,,,,34,,,,,,,
Post Malone,https://lastfm.freetls.fastly.net/i/u/avatar150s/503fa90fcef5c072361fd7e113c3a04f,hip-hop,,17,,,,,18,,,,,,,,,,,,,30,,,,,,,32,,,,,,,,,,,,,,,,,,,,,,,,,,,,,,,,,,,,,,,,,,,,,,,,,,,,,,,,,,,,,,,,,,,,,,,,,,,,,,,,,,,,,,,,,,,,,,,,,,,,,,,,,,,,,,,,,,,,,,,,,,,,,,34,,,,,,,,,37,,,,,,,,,,,,,
Lana Del Rey,https://lastfm.freetls.fastly.net/i/u/avatar150s/0656bf895ab70e1a7747dac718ab1ab7,female vocalists,,,22,,,,,,25,,,,,,,,,,,30,,,,,,,,,,,,,,,,,,,,,,,,,,,,,,,,,,33,,,,,,,,,,,,,,,,,,,,,,,,,,,,,,,,,,,,,,,36,,,,,,,,,,40,,,,,,,,,,,,,,,,,,,,,,,,,,,,,,,,,,,,,,,,,,,,,,,,,,41,,,,,,,,,,,,,,,,,,,,,,
Charli XCX,https://lastfm.freetls.fastly.net/i/u/avatar150s/6cfb47e9f63578902f766434e4a48bf1,synthpop,,,13,,,,,,,,,,,,,,,,,,,,,,,,,,,,,,,,,,,,,,,,,,,,,,,,,,,,,,,,,,,,,,,,,,,,,,,,,,,,,,,,,14,,,,,,,,,,,,,,,,,,,,,,,,,,,,,,,,,,,,,,,,,,,,,,,,,,,,,,,,,,,,,,,,,,,,,,,19,,,,,,,,,,,,,,,,,,,,
Denzel Curry,https://lastfm.freetls.fastly.net/i/u/avatar150s/3329d3d121a343d418e8bdfdf8cd1daa,hip-hop,,,1,2,10,20,21,,,,,,,,,,,,,,31,,,,,,,,,,,,,,,,,,,,,,,,,,,,32,,33,,,,,,,,,,,,,,,,,,,,,,,,,,,,,,,,,,,44,,,,,,,,,,,,,,,,,,,,,,,,,,,,,,,,,,,,,,,,,,,,,,,,,,,,,,,,,,,,,,,,,,,,,,,,,,,,,,,,,,,,,,,,,
Lou Reed,https://lastfm.freetls.fastly.net/i/u/avatar150s/3425c6166e024a4bbea9d4f911800813,rock,,,2,,,,,,,,,,,,,,,,,,,,,,,,,,,,,,,,,,,,,,,,,,,,,,,,,,,,,,,,,,,,,,,,,,,,,,,,,,,,,,,,,,,,,,,,,,,,,,,,,,,,,,,,,,,,,,,,,,,,,,,,,,,,,,,3,,,,,,,,,,,,4,,,,,,11,,,,,,,,,,,,,,,,,,,,,,,,,,,
Marilyn Manson,https://lastfm.freetls.fastly.net/i/u/avatar150s/511aa8ef11064f2acf9e24904ff6d494,industrial,,,1,11,,,17,,,,,,,,,51,59,,,,,,,,,62,,,,,,,,,64,,,,,,,,,,,,,,,,,,,,,,,,,,,,,,,,,73,81,,,,,,,,,,,,,82,,83,85,,,,,,,,,,,,,,,,,,,,,,,,,,,,,,,,,,109,,111,,118,,,,,,,,,119,,120,121,,,,123,,124,,,,,,125,130,131,,,145,,146,147,,149,,,151,,153,,154,,155,158,159,160,,161,162,164,,
Blur,https://lastfm.freetls.fastly.net/i/u/avatar150s/6c931e3e3e2541a7ac2e627b33a92367,britpop,,,,4,,,,,5,,,,,,,,,,,,,,,,,,,,,,,,,,7,,,,,,,,,,,,,,,,,,,,,,,,,,,,,,,,,,8,,,,,,,,,,,,,,,,,,,,,,,,,,,,,,,,,,,,,,,,,,,,,,,,,,,,,,,,,,,,,9,,,,,,,,,,,,,,,,,,,,10,,,,,,,,,,,,,,,,,,,,,,,,,
The Velvet Underground,https://lastfm.freetls.fastly.net/i/u/avatar150s/b71c432f3aa4476f9f9db37d9be13bb1,rock,,,,1,,4,,,,,,,,,,,,,,,,,,,,,,,,,,,,,,,,,,,,,,,,,,,,,,,,,,,,,,,,,,,,,,,,,,,,,,,,,,,,,,,,,,,,,,,,,,,,,,,,,,,,,,,,,,,,,,,,,,,,,,9,,,,,,,,,,,,,,,,,,,,,,,,,,,,,,,,,,,,,,,,,,,,,,,,,,,
Pink Floyd,https://lastfm.freetls.fastly.net/i/u/avatar150s/daae7d4b720c4dd7aa52b85052a7e98c,progressive rock,,,,2,,,,,,,,,,,3,15,,,,,,,33,,,,,,,,,,35,,,,,,,,,,,,,,,,,,,,,,,,,,,,,,,,,,,,,,,,,,,,,,,,,,,,,,,,,,,,,,,,,,,,,,,,,,,,,,,,,,,,,,,,,,36,,,,,,,38,,,,39,,,,,,,,,,,40,,,,,,,,,,,,,,47,72,,,,,,,,,,,,,,,
Kanye West PARTYNEXTDOOR,https://lastfm.freetls.fastly.net/i/u/avatar150s/9eaaad3fa876b3316d5b74e9ef2893c6,,,,,,,,1,,,,,,2,,,,,,,,,,,,,,,4,5,6,,,,,,,,,,,,,,,,,,,,,,,,,,,,,,,,,,,,,,,,,,,,,,,,,,,,,,,,,,,,,,,,,,,,,,,,,,,,,,,,,,,,,,,,,,,,,,,,,,,,,,,,,,,,,,,,,,,,,,,,,,,,,,,,,,,,,,,,,,,,,,,,,
JPEGMAFIA Helena Deland,https://lastfm.freetls.fastly.net/i/u/avatar150s/b511ac7a68b34736ef738f1e3e03918c,,,,,,,,,,,1,2,6,8,,9,,,,,,,,10,,,,11,,,,,,,,,,,,,,,,,,12,,,,,,,,,,,,,,,,,,,,,,,,,,,,,,,,,,,,,13,14,,,,,,,,,,,,,15,,,,,,,,,,,,,,,,,,,,,,,,,,,,,,,,,,,,,16,,,,,,,,,,,,,,,,,,,,,,,,17,,,,,,,,,,,,,,18,,19,,
Tool,https://lastfm.freetls.fastly.net/i/u/avatar150s/98007de27dc09a45e3e049b643ea605d,progressive metal,,,,,,,,,,,,,,,,,7,9,15,,,,16,,,,,,,,,,,,,,,,,,,,,,,,,,,,,,,,18,,,,,,,,,,,,,,,,,,,,,,35,,,,,,,,,,,,,,,,,,,,,,,,,,,,,,,,,,,,,,,,,,,,,,,,,,,,,,,,,,,,,50,,,,,,,,,,,,,,,,,,,,51,,,,,,,,,,,,,,,,,
Aphex Twin,https://lastfm.freetls.fastly.net/i/u/avatar150s/75c4fb8c899e4247c2e3a0ec72422fa8,electronic,,,,,,,,,,,,,,,,,,26,27,38,39,,,,43,,,,,,,73,94,,,,,,105,,,,,,,,,,,,,,,,,,,,,,,,,,,111,,,,,,,,,,,,,,,,,,,,,,,,,,,,,,,,,,,,,,,,,,,,,,,113,,,,,,,,,,,,,,,,,,,,,,,,,,,,129,,,,,,,,,,,,,,,,140,,,,,,,,,,,,,,,,,,
DAGames,https://lastfm.freetls.fastly.net/i/u/avatar150s/cb12b0e9d4f498706e1b128ddcd1fe74,nerdcore,,,,,,,,,,,,,,,,,,12,,,14,,,,,,,,,,,,,,,,,,,,,,,,,,,,,,,,,,,,,,,,,,,,,,,,,,,,,,,,,,,,,,,,,,,,,,,,,,,,,,,,,,,,,,,,,,,,,,,,,,,,,,,,,24,,,,,,,,,,,,,,,,,,,,,,,,,,,,,,,,,,,,,,,,,,,,,,,,,
Purple Mountains,https://lastfm.freetls.fastly.net/i/u/avatar150s/7ad0226dfd9121b294bd2e6dfe098f18,alt-country,,,,,,,,,,,,,,,,,,,24,59,63,,,73,,83,,,,,,,91,,92,,,,,101,,,,,,106,,,112,,,121,,,,,,150,,,,,,,,,,,,,,,,,,,,,,,,,,159,168,,,,,,,,173,,,176,,,,,,,,,,,,,,177,182,,,,,,,188,,,,,,189,,,,,,,,,190,,,,,,198,,199,,200,,,,,,,,203,,,,204,205,,,,,,,,,,,,206,,,,,219,,
Skeesh,https://lastfm.freetls.fastly.net/i/u/avatar150s/2a96cbd8b46e442fc41c2b86b82156,,,,,,,,,,,,,,,,,,,,10,,,,,,,,,,,,,,,,,,,,,,,,,,,,,,,,,,,,,,,,,,,,,,,,,,,,,,,,,,,,,,,,,,,,,,,,,,,,,,,,,,,,,,,,,,,,,,,,,,,,,,,,,,,,,,,,,,,,,,,,,,,,,,,,,,,,,,,,,,,,,,,,,,,,,,,,,,,,
Car Seat Headrest,https://lastfm.freetls.fastly.net/i/u/avatar150s/0691fb5dd88fd439a1a00fcba8c25946,lo-fi,,,,,,,,,,,,,,,,,,,,6,,,,,,8,,,,,,,,,,,,,,,,,,,,,,,,,,,,,,,,,,,,,,,,,,,,,,,,,,,,,,,,,,,,,,,,,,,,,,,,,,,,,,,,,,,,,,,,,,,,,,,,,,,,,,,,,,16,,39,54,73,,79,93,104,112,117,127,141,,170,179,,,203,205,,,225,231,232,247,251,270,,271,286,287,291,293,301,302,,305,306,313,,318,,
Weatherday,https://lastfm.freetls.fastly.net/i/u/avatar150s/867c4a33b5e470d593cbc7daed7f60ec,noise pop,,,,,,,,,,,,,,,,,,,,1,3,,,,,5,,8,9,,,,13,,,,,,,,,,,,,,,,,,,,,,,,,,,,,,,,,,,,,,,,,,,,,,,,,,,,,,,,,,,,,,,,,,,,,,,,,,,,,,,,,,,,,,,14,,,,,,,,,,,,,,,,,,,,,,,,,,,,,,,28,,,,,,,,,,,,,,,,,,,,,,,,
Gas,https://lastfm.freetls.fastly.net/i/u/avatar150s/1323382fc743c1f4a6ad5dc5f0d83463,ambient,,,,,,,,,,,,,,,,,,,,1,,6,,,,,,,,,,,,,,,,,,,,,,,,,,,,,,,,,,,,,,,,,,,,,,,,,,,,,,,,,,,,,,,,,,,,,,,,,,,,,,,,,,,,,,,,,,,,,,,,,,,,,,,,,,,,,,,,,,,,,,,,,,,,,,,,,,,,,,,,,,,,,,,,,,,,,,,,,
100 gecs Dylan Brady  Laura Les,https://lastfm.freetls.fastly.net/i/u/avatar150s/2a96cbd8b46e442fc41c2b86b82156,,,,,,,,,,,,,,,,,,,,,10,,,,,,,,,,,,,,,,,,,,,,,,,,,,,,,,,,,,11,,,,,,,,,,,,,,,,,,,,,,,,,,,,,,,,,,,,,,,,,,,,,,,,,,,,,,,,,,,,,,,,,,,,,,,,,,,,,,,,,,,,,,,,,,,,,,,,,,,,,,,,,,,,,,,,,,,,,,,
Madvillain,https://lastfm.freetls.fastly.net/i/u/avatar150s/06b01c991d5b17bc268b4dcc6f6adea9,hip-hop,,,,,,,,,,,,,,,,,,,,2,,,,,,,,,,,,3,,,,,,,,,,,,,,,,,,,,,,,,,,,,,,,,,,,,,,,,,,,,,,,,,,,,,,,,,,,,,,,,,,,,,,,,,,,,,,,,,,,,,,,,,,,,,,,,,,,12,,,13,,16,,,,,,,,,,,17,,,,,,,,,,,,,,,,,,,,,,,,,,,,
100 gecs Dylan Brady Laura Les,https://lastfm.freetls.fastly.net/i/u/avatar150s/785e04bdbab1dad437b4847656dc3104,,,,,,,,,,,,,,,,,,,,,,5,,,,,29,,,,,,,,,,,,,,,,,,,,,,,,,,,,,,,,,,,,30,,,,,,,,,,,,,,,,,,,,,,,,31,,,,,,,,,,,,,,,,,,,,,,,,,,,,,32,,,,,,,,,,,,,,,,,,,,,,,,,,,,,,,,,,,,,,,,,,,,,,,,,,,,,,,,,,,,
clipping.,https://lastfm.freetls.fastly.net/i/u/avatar150s/1c476ecddf244533c569df00774310c6,hip-hop,,,,,,,,,,,,,,,,,,,,,6,,,,,,,,,,,,,,9,,20,,,,,,,,,,,22,,,37,,,,,,,,,,,,,,,,,,,,,,,,,,,,,,,,,,54,,,,,,,,,,,,,,,,,,,,,,,,,,,,,,,,,,,,,,,61,65,,,,,,,,,,66,,,,,78,,,,,,,81,,,,,,,,,,,,,,82,,,83,,,,,84,,,,,,
98ยบ,https://lastfm.freetls.fastly.net/i/u/avatar150s/eb1b344cde4f435cc30a9ce8748ed59c,pop,,,,,,,,,,,,,,,,,,,,,,2,,,,,,,,,,7,,,,,,,,,12,13,,,,,,,,,,,,,,,,,,,,,,,,,,,,,,,,,,,,,,,,,,,,,,,,,,,,,,,,,,,,,,,,,,,,,,,,,,,,,,,,,,,,,,,,,,,,,,,,,,,,,,,,,,,,,,,,,,,,,,,,,,,,,,,,,,,,,
Godspeed You! Black Emperor,https://lastfm.freetls.fastly.net/i/u/avatar150s/0f284e7ba2594e80ad2084e3c8971813,post-rock,,,,,,,,,,,,,,,,,,,,,,,,5,,,8,,,,,,,10,,,,,,,,,,,,,,,,,,,,,,,,,,,,,,,,,,,,,,,,,,,,,,,,,,,,,,,,,,,,,,,,,,,,,,,,,,,,,,,,,,,,,,,,,,,,,,,,,,,,,,,,,,11,,,,,,,24,,,26,30,45,,,,,,,,,,,48,62,,,65,76,87,101,103,,104,123,127
100 gecs,https://lastfm.freetls.fastly.net/i/u/avatar150s/a1f7d26aa46e36a9c33074efec9914b4,bubblegum bass,,,,,,,,,,,,,,,,,,,,,,,,,,,1,11,13,,,25,,26,,,,,,,,,,,,,,,,,,,,,,27,,,,,,29,,,,,34,,35,,,,,,,100,,124,141,,,,,,,145,,,,,,,,,,153,,,,155,,,,,,,,,,,,,,,164,,184,,,,,,,195,,,,,,,,,,,,196,,,,,,,,,,,,,,197,,,200,,201,,,,,203,,204,205,,,,,,,,,,206,,
Danny Brown,https://lastfm.freetls.fastly.net/i/u/avatar150s/002d99f6e1b7c2650be40dea9771915e,hip-hop,,,,,,,,,,,,,,,,,,,,,,,,,,,8,,,,,,10,11,,,,,,,,,,,,,,,,,12,,,,,,,,,,,,,,,,,,,,,,,,,,,,,,,,,,,,,,,,,,,,,,,,,,,,,,,,,,,,,,,,,,,,,,,,,23,,,,,,,,,,,,,,,,,,,,30,,,31,,,,,,,,,,,,,,,,,,,,,,,,,,,,
YBN Cordae,https://lastfm.freetls.fastly.net/i/u/avatar150s/6422fb3df592c0d8d1ead77d7b0f9d95,hip-hop,,,,,,,,,,,,,,,,,,,,,,,,,,,,,3,,,,,,8,,,,,,,,,,,,,,,,,,,,,,,,,,,,,,,,,,,,,,,,,,,,,,,,,,,,,,,,,,,,,,,,,,,,,,,,,,,,,,,,,,,,,,,,,,,,,,,,,,,,,,,,,,,,,,,,,,,,,,,,,,,,,,,,,,,,,,,,,,,,
Johnny Cash,https://lastfm.freetls.fastly.net/i/u/avatar150s/08dfab76ecc847f0862a950f963f5596,country,,,,,,,,,,,,,,,,,,,,,,,,,,,,,,,,,,,8,,,,,,,,,,,,,,,,,,,,,,,,,,,,,,,,,,13,,,,,,,,,,,,,,,,,,,,,,,,,,,,,,,,,,,,,,,,,16,,,,,,,,,,,,,,,,,,,,,,,,,,,,,,,,,,,,,,,,,,,,,,,,,,,,,,,,,,,,,,,,,
TWICE,https://lastfm.freetls.fastly.net/i/u/avatar150s/12d1baeb2a9fe01edf61951af3f4f900,k-pop,,,,,,,,,,,,,,,,,,,,,,,,,,,,,,,,,,,4,,,,,,,,,,,,,,,,,,,,,,,,,,,,,,,,,,,,,,,,,,,,,,,,,,,,,,,,,,,,,,,,,,,,,,,,,,,,,,,,,,,,,,,,,,,,,,,,,,,,,,,,,,,,,,,,,,,,,,,,,,,10,,,,,,,,,,,,,,,,,
Ozzy Osbourne,https://lastfm.freetls.fastly.net/i/u/avatar150s/f4025a3234474df1cd910885fdb1d668,heavy metal,,,,,,,,,,,,,,,,,,,,,,,,,,,,,,,,,,,1,,,,,,,,,,,,,,,,,,,,,,,,,,,,,,,,,,,,,,,,,,,,,,,,,,,,,,,,,,,,,,,,,,,,,,,,,,,,,,,,,,,,,,,,,,,,,,,,,,,,,,,,,,,,,,,,,,,,,,8,,,,,,,,,,,,,,,,,,,,,,
Silver Jews,https://lastfm.freetls.fastly.net/i/u/avatar150s/0b564c9a51eb4115b7d0afe678dfd206,indie,,,,,,,,,,,,,,,,,,,,,,,,,,,,,,,,,,,7,,,,11,12,,,,,,,,,,,,22,,,,,,,,,,,,,,,,,,,,,,,,,,,,,,,,,,,,,,,,,,,,,,,,,,,,,,,,,,,,,,,,,,,,,,,,,,,,,,,,,27,,31,,,,,,,,,,,,,,,,,,,,,,,,,,,,,,,,32,,,,,,,,
Richard Dawson,https://lastfm.freetls.fastly.net/i/u/avatar150s/091f851edfcf12074039dc03eff652f0,folk,,,,,,,,,,,,,,,,,,,,,,,,,,,,,,,,,,,1,6,13,,,,,,,,,,,,,,,,,,,,,,,,,,,,,,,,,,,,,,,,,,,,,,,,,,,,,,,,,,,,,,,,,,,,,,,,,,,,,,,,,,,,,,,,,,,,,,,,,,,,,,,,,,,,,,,,,,,,,,,,,,,,,,,,,,,,,,,,,,
Kanye West Ty Dolla $ign Ant Clemons,https://lastfm.freetls.fastly.net/i/u/avatar150s/2a96cbd8b46e442fc41c2b86b82156,,,,,,,,,,,,,,,,,,,,,,,,,,,,,,,,,,,,,,,,,,,1,,,,3,,,,,,,4,,,,,5,,,,,6,,,,,,,,7,,,,,,,,,,,,,,,,,,,,,,,,,,,,,,,,,,,,,,,,,,,,,,,,,,,,,,,,,,,,,,,,,,,,,,,,,,,,,,,,,,,,,,,,,,,,,,,,,,,,,,,,
Kanye West Clipse Kenny G,https://lastfm.freetls.fastly.net/i/u/avatar150s/2a96cbd8b46e442fc41c2b86b82156,,,,,,,,,,,,,,,,,,,,,,,,,,,,,,,,,,,,,,,,,,,1,,3,,5,,,,,,,6,,,,,7,,,,,,,,,,,,,,,,,,,,,,,,,,,,,,,,,,,,,,,,,,,,,,,,,,,,,,,,,,,,,,,,,,,,,,,,,,,,,,,,,,,,,,,,,,,,,,,,,,,,,,,,,,,,,,,,,,,,,
Earl Sweatshirt,https://lastfm.freetls.fastly.net/i/u/avatar150s/31d394837d914fd002658406499884d8,hip-hop,,,,,,,,,,,,,,,,,,,,,,,,,,,,,,,,,,,,,,,,,,,,,,,,,7,,,22,32,,,,,,,,,,,,,,,,,,,,,,,,,,,,,,,,,,,,,,,,,,,,,,,,,,,,,,,,,,,,,,,,,,,,,,,,,,,,,,,,,,,,,,,,,,,,,,33,,,,,,,,,,,,,,,,,,,,,,,,,,,,
Kero Kero Bonito,https://lastfm.freetls.fastly.net/i/u/avatar150s/06f9df2554b2943681c4c8c57a413a01,pop,,,,,,,,,,,,,,,,,,,,,,,,,,,,,,,,,,,,,,,,,,,,,,,,,,,12,,,,,21,,,,,,,,22,,,,,,,,,,,,,,,,,,,,,,,,,,,,,,,,,,,,,,,,,,,,,,,,,,,,,,,,,,,,,,,,,,25,,,,,,,,,,,,,,,,,,,49,,,,,,,,,,,,,,,,,,60,,62,64,75,,,,
Markiplier  The Gregory Brothers,https://lastfm.freetls.fastly.net/i/u/avatar150s/2a96cbd8b46e442fc41c2b86b82156,,,,,,,,,,,,,,,,,,,,,,,,,,,,,,,,,,,,,,,,,,,,,,,,,,,,,,,,4,6,8,,,,,,,,,,,,,,,,,,,,,,,,,,,,,,,,,,,,,,,,,,,,,,,,,,,,,,,,,,,,,,,,,,,,,,,,,,,,,,,,,,,,,,,,,,,,,,,,,,,,,,,,,,,,,,,,,,,,,,
Trent Reznor Atticus Ross,,,,,,,,,,,,,,,,,,,,,,,,,,,,,,,,,,,,,,,,,,,,,,,,,,,,,,,,,16,,,,,,,,,,,,,,,,,,,,,,27,,,,29,42,,56,,,,57,,,,77,,,,,,,,,,84,,,,,,85,,,,,99,,,,,,,113,,,,,,,,,,,,,,,,,,,,,,,,,,,,,,,,,,139,,,,,,,,,163,,,,,,,,,,,,
Markiplier The Gregory Brothers,https://lastfm.freetls.fastly.net/i/u/avatar150s/2a96cbd8b46e442fc41c2b86b82156,,,,,,,,,,,,,,,,,,,,,,,,,,,,,,,,,,,,,,,,,,,,,,,,,,,,,,,,1,,,,5,,,,,,,,,,6,,,,,,,,,,,,,,,,7,,,,,,,,,,,,,,,,,,8,,,,,,,,,,,,,,,,,,,,,,,,,,,,10,,,,,,,,,,,,,,,,,,,,,,,,,,,,,,,,,,,,,,,,,,,,
Trent Reznor and Atticus Ross,https://lastfm.freetls.fastly.net/i/u/avatar150s/be9d989009b034035e5274ed43d4ecaf,ambient,,,,,,,,,,,,,,,,,,,,,,,,,,,,,,,,,,,,,,,,,,,,,,,,,,,,,,,,2,,,,,,,,,8,,,16,,,31,,32,,33,,,,,,,,,,,,,43,57,,,97,,,,,,,,,,,,,,105,,,,,,,111,113,,,,124,163,,,,,,,,,,,164,,,,,,,,,172,,183,,,,,,,,,,,,,,,,,185,,,,,190,,200,204,,,,,,,,,
FKA twigs,https://lastfm.freetls.fastly.net/i/u/avatar150s/74141310765ce485460223310cd8e373,trip-hop,,,,,,,,,,,,,,,,,,,,,,,,,,,,,,,,,,,,,,,,,,,,,,,,,,,,,,,,,9,,,,,,,,,,,,,,,,,,,,,,,,,,,,,,,,,,,,,,,,,,,,,,,,,,,,,,,,,,,,,,,,,,,,,,,,,,,,,,,,,,,,,,,,,,,,,,,,,,,,,,,,,,,,,,,,,,,,,,
Doja Cat,https://lastfm.freetls.fastly.net/i/u/avatar150s/c38da7dc33fbe45229140f4801b72d17,rnb,,,,,,,,,,,,,,,,,,,,,,,,,,,,,,,,,,,,,,,,,,,,,,,,,,,,,,,,,1,,,,,,,,,,,4,,,,,,,,,,,,,,,,,,,,,,,,,,,,,,,,,,,,,,,,,,,,,,,,,,,,,,,,,,,,,,,,,,,,,,,,,,,,,,,,,,,,,6,,,,,,,,,,,,,,,,,,,,,,
Darkside,https://lastfm.freetls.fastly.net/i/u/avatar150s/e65b8b1c90274417c49861e8fdd807bb,electronic,,,,,,,,,,,,,,,,,,,,,,,,,,,,,,,,,,,,,,,,,,,,,,,,,,,,,,,,,,,,,,,,,8,,,,,,,,,,,,,,,,,,,,,,,,,,,,,,,,,,,,,,,,,,,,,,,,,,,,,,,,,,,,,,,,,,,,,,,,,,,,,,,,,,,,,,,,,,,,,,,,,,,,,,,,,,,,,,
Mount Eerie,https://lastfm.freetls.fastly.net/i/u/avatar150s/444a285bcee64be084c2fac4da1ab3d6,lo-fi,,,,,,,,,,,,,,,,,,,,,,,,,,,,,,,,,,,,,,,,,,,,,,,,,,,,,,,,,,,,,,,,,,,13,,,,,,,,,,,,,,,,,,,,,,,,,,,,,16,,,,,,,,,,,,,,,,,,,21,,,,,,,,,,,,,,,,25,,,28,,29,,,,,32,,,,34,,35,,,,,47,,,,,,,,,,,,,,,,,,,,,,,
The Microphones,https://lastfm.freetls.fastly.net/i/u/avatar150s/631a2e8f8556492dc9f25a71edfeb680,lo-fi,,,,,,,,,,,,,,,,,,,,,,,,,,,,,,,,,,,,,,,,,,,,,,,,,,,,,,,,,,,,,,,,,,,2,,9,,,,,,,,,,,,,,,13,15,,,,,17,24,,,,,26,,,,36,,,,,38,,,,,,40,,,,,,,,,,,,,,,,,,,,,,,42,,,,,,,59,,,,,,60,,,,,78,,,,,,,,,,,,,,,80,,,,,,,,
Rude.,https://lastfm.freetls.fastly.net/i/u/avatar150s/3ab10e44f5b18f34216b3d48f35ec964,instrumental hip-hop,,,,,,,,,,,,,,,,,,,,,,,,,,,,,,,,,,,,,,,,,,,,,,,,,,,,,,,,,,,,,,,,,,,5,,,,,,,,,,,,,,,,,,,,,,,,,,,,,,,,,,,,,,,,,,,,,,7,,,,,,,,,,,,,,,,,,,,,,8,,,,,,,,,,,,,,,,10,,,,,,,,,,,,,,,,11,,,,,,,,
Liturgy,https://lastfm.freetls.fastly.net/i/u/avatar150s/264e3cdba3a54436c40c1c1f2e2e647a,black metal,,,,,,,,,,,,,,,,,,,,,,,,,,,,,,,,,,,,,,,,,,,,,,,,,,,,,,,,,,,,,,,,,,,4,,,13,,,,,,,,,,,,,,,,,,,,,,,22,,,24,,,,,,,,28,,,,,,,,,,,,,,,,,,,,,,,,,,,,,,,,,,,,,,,,,,,,,,,,,,,,,,,,,,,,,,,,,,,,,,,
Joe Dassin,https://lastfm.freetls.fastly.net/i/u/avatar150s/7cb312a0147f4fa5bdd01746169a81ec,french,,,,,,,,,,,,,,,,,,,,,,,,,,,,,,,,,,,,,,,,,,,,,,,,,,,,,,,,,,,,,,,,,,,,11,,,,,,,,,,,,,,,,,,,,,,,,,,,,,,,,,,,,,,,,,,,,,,,,,,,,,,,,,,,,,,,,,,,,,,,,,,,,,,,,,,,,,,,,,,,,,,,,,,,,,,,,,,,
Lizzo,https://lastfm.freetls.fastly.net/i/u/avatar150s/c6308a30f8cd79114fa620f0505722cb,hip-hop,,,,,,,,,,,,,,,,,,,,,,,,,,,,,,,,,,,,,,,,,,,,,,,,,,,,,,,,,,,,,,,,,,,,15,22,,24,,,,,,,,,,,,,,,,,,,,,,25,,,28,,,,,,,,31,,,,,,,,,,,,,,,,,,,,,,,,,,,,,,,,,,,,,,,32,,,,,35,,,,,,,,,,,,,,,,,,,,,,,,,,,
The Weeknd,https://lastfm.freetls.fastly.net/i/u/avatar150s/521a3b62cd33dfca6e681bc117b2573a,rnb,,,,,,,,,,,,,,,,,,,,,,,,,,,,,,,,,,,,,,,,,,,,,,,,,,,,,,,,,,,,,,,,,,,,,,,3,,,,,,,,,,,,,,,,,,,,,,,,,,,,,,,,,,,,,,,,,,,,,,,,,,,,,,,,4,,,,,,,,,,,,,,,,,,,6,,,7,,,,,,8,,,,,,,,,,,,,,,,,,,,
Trent Reznor & Atticus Ross,,ambient,,,,,,,,,,,,,,,,,,,,,,,,,,,,,,,,,,,,,,,,,,,,,,,,,,,,,,,,,,,,,,,,,,,,,,,2,,3,,,,,,,,,,,,,,,,,,,,,,,,,,,,,,,,,,,,,,,,,,,,,,6,,,,,,,,,,,,,,,,,,,,,,,,,,,,,,,,,,,,,,,,,,,,,,,,,,,,,,,,
OutKast,https://lastfm.freetls.fastly.net/i/u/avatar150s/5a0df427437e46ed99600db154717335,hip-hop,,,,,,,,,,,,,,,,,,,,,,,,,,,,,,,,,,,,,,,,,,,,,,,,,,,,,,,,,,,,,,,,,,,,,,,23,27,,,,,,,,,,,28,,30,,,,,,,,,,32,34,,,,41,,44,51,,,,53,,,,56,,,58,59,,,,,,,,,67,,,,,68,,,,,,,70,,,,,,,,,,,,,,,,,,,,,71,,,,,,,,,,,,,,,,,,
CeeLo Green,https://lastfm.freetls.fastly.net/i/u/avatar150s/e03135428142c41d2c028f1ac0879107,soul,,,,,,,,,,,,,,,,,,,,,,,,,,,,,,,,,,,,,,,,,,,,,,,,,,,,,,,,,,,,,,,,,,,,,,,7,,,,,,,,,,,,,,,,,,,,,,,,,,,,,,,,,,,,,,,,,,,,,,,,,,,,,,,,,,,,,,,,,,,,,,,,,,,,,,,,,,,,,,,,,,,,,,,,,,,,,,,,
Porter Robinson Madeon,https://lastfm.freetls.fastly.net/i/u/avatar150s/ff9d704c98030b54ba0138a0f700ca02,,,,,,,,,,,,,,,,,,,,,,,,,,,,,,,,,,,,,,,,,,,,,,,,,,,,,,,,,,,,,,,,,,,,,,,,3,,,,,,,,,,,,,,,,,,,,,,,,,,,8,,,,,,,,,,,,,,,,,,,,,,,,,,,,,,,,,,,,,,,,,,,,,,,,,,,,,,,,,,,,,,,,,,,,,,,,,,,,,
C418,https://lastfm.freetls.fastly.net/i/u/avatar150s/46b8cb9fb0c1085ad3ec351a26679eb2,ambient,,,,,,,,,,,,,,,,,,,,,,,,,,,,,,,,,,,,,,,,,,,,,,,,,,,,,,,,,,,,,,,,,,,,,,,,,3,,,,,,,,,,,,,,,,,,,,,,,,,,,,,,,,,,,,,,,,,,,,,,,,,,,,,,,,,,,,,,29,,,,,,,,,,,,,,,,,,,,,,,,,,,,,,,,,,,,,,,,
Algiers,https://lastfm.freetls.fastly.net/i/u/avatar150s/05a72d096d0d22adf9d6e39821adc977,seen live,,,,,,,,,,,,,,,,,,,,,,,,,,,,,,,,,,,,,,,,,,,,,,,,,,,,,,,,,,,,,,,,,,,,,,,,,,,,,,,,,,,,,,,,,,,,,9,10,,,,,,,,,,,,,,11,,,,,,,,,23,24,,,,,,,,,30,,,32,,,,,,,,,,,,,,,,,,,,,,,,,,,,,,,,,,50,,,,,,,,,,,
Dorian Electra,https://lastfm.freetls.fastly.net/i/u/avatar150s/80f9d0c953f9011b2bd0264e8780944e,pop,,,,,,,,,,,,,,,,,,,,,,,,,,,,,,,,,,,,,,,,,,,,,,,,,,,,,,,,,,,,,,,,,,,,,,,,,,,,,,,,,,,,,,,,,,,,,,,5,,,,,,,,,,,,,,,,,,,,27,,32,,,,,43,,,,44,,,,,,,,,,64,,,66,67,,,,,,,,,,,,,,,,,,,,,,,,69,,70,71,,72,73,,,,,
Sunday Service Choir,https://lastfm.freetls.fastly.net/i/u/avatar150s/83804dd9fa866d51ace097708d8f40fc,gospel,,,,,,,,,,,,,,,,,,,,,,,,,,,,,,,,,,,,,,,,,,,,,,,,,,,,,,,,,,,,,,,,,,,,,,,,,,,,,,,,,,,,,,,,,,,,,,,,3,11,,,19,,,,,,,25,,,,,,,,,,26,,,,,,,,,,,,,,,,,,,,,,,,,,,,,,,,,,,,,,,,,,,,,,,,,,27,,,,,,,,
Xiu Xiu,https://lastfm.freetls.fastly.net/i/u/avatar150s/ca35f05a692f095767dec8dd2106c6fe,experimental,,,,,,,,,,,,,,,,,,,,,,,,,,,,,,,,,,,,,,,,,,,,,,,,,,,,,,,,,,,,,,,,,,,,,,,,,,,,,,,,,,,,,,,,,,,,,,,,,,,,5,,,,,,,,,,,,,,,,,,,,,,,,,,,,,,,,,,,,,,,,,,,,,,,6,,,8,10,,,,,,,,,,,,,,,,,,,,,,,,
Gorillaz,https://lastfm.freetls.fastly.net/i/u/avatar150s/183309a3867ec8b73f1b256d65428174,alternative,,,,,,,,,,,,,,,,,,,,,,,,,,,,,,,,,,,,,,,,,,,,,,,,,,,,,,,,,,,,,,,,,,,,,,,,,,,,,,,,,,,,,,,,,,,,,,,,,,,,,,,3,,,,,,,,,,,,4,,,,,,,,,,,,,,,,,,,,,,,,,6,,,,,,,7,,,,,,,,,14,,,,,,,,,,,,,,,,,,,
My Chemical Romance,https://lastfm.freetls.fastly.net/i/u/avatar150s/5990afcc748efec250892217228f058c,rock,,,,,,,,,,,,,,,,,,,,,,,,,,,,,,,,,,,,,,,,,,,,,,,,,,,,,,,,,,,,,,,,,,,,,,,,,,,,,,,,,,,,,,,,,,,,,,,,,,,,,,,,,,4,11,,,,,,,,,,,,,,,,,,,,,,,,,,,,,,,,,,,,,,,,,,,,,,,,,,,,,,,,,,,,,,,,,,,,
Tenacious D,https://lastfm.freetls.fastly.net/i/u/avatar150s/856ff811a5f4412aad81146b1c3efd0b,rock,,,,,,,,,,,,,,,,,,,,,,,,,,,,,,,,,,,,,,,,,,,,,,,,,,,,,,,,,,,,,,,,,,,,,,,,,,,,,,,,,,,,,,,,,,,,,,,,,,,,,,,,,,,16,24,,25,26,27,,29,31,,,,,,,,,45,,,,,,,,47,,,,,,55,,,,,,,,,,,,,57,,,,,,,,,,,,,,,,59,,,,60,,,,
Tycho,https://lastfm.freetls.fastly.net/i/u/avatar150s/56042c98b8b74990c92a236cd6f261a0,ambient,,,,,,,,,,,,,,,,,,,,,,,,,,,,,,,,,,,,,,,,,,,,,,,,,,,,,,,,,,,,,,,,,,,,,,,,,,,,,,,,,,,,,,,,,,,,,,,,,,,,,,,,,,,,,,,,,8,,,,,,,12,,,,,,,,,,,,,,,,,,,,,,,,,,,,,,,,,,,,,,,,,,,,,,,,,,,,,,,
Father John Misty,https://lastfm.freetls.fastly.net/i/u/avatar150s/c7fd52c7a897e06f5e9b0218aca8c9f6,folk,,,,,,,,,,,,,,,,,,,,,,,,,,,,,,,,,,,,,,,,,,,,,,,,,,,,,,,,,,,,,,,,,,,,,,,,,,,,,,,,,,,,,,,,,,,,,,,,,,,,,,,,,,,,,,,,,,,1,5,,,,,,,,,,,,,,,,,,,,,,,,,,,,,,,7,,,,,,,,,,,,,,,,,,,,,,,,,,,,
BTS,https://lastfm.freetls.fastly.net/i/u/avatar150s/cf7422b048b2139f8abb1d590e186dc0,k-pop,,,,,,,,,,,,,,,,,,,,,,,,,,,,,,,,,,,,,,,,,,,,,,,,,,,,,,,,,,,,,,,,,,,,,,,,,,,,,,,,,,,,,,,,,,,,,,,,,,,,,,,,,,,,,,,,,,,19,,,,,,,,,,,,,,,25,,32,,,,,,33,,,,,35,,,,36,38,,59,,,,,64,68,82,,,,86,,94,,,,95,96,,,,,,,
LCD Soundsystem,https://lastfm.freetls.fastly.net/i/u/avatar150s/29f60512cba94d5bae4979181e4196ba,electronic,,,,,,,,,,,,,,,,,,,,,,,,,,,,,,,,,,,,,,,,,,,,,,,,,,,,,,,,,,,,,,,,,,,,,,,,,,,,,,,,,,,,,,,,,,,,,,,,,,,,,,,,,,,,,,,,,,,,9,,,,,,,,14,,28,30,63,65,,92,98,,105,,114,,,118,,125,136,,,146,150,152,165,180,182,,193,,,,,,195,206,,207,209,,,,220,230,,231,,,,,,
Hot Dad,https://lastfm.freetls.fastly.net/i/u/avatar150s/e064e1418768a402bdf4fe24e1bd2db4,synth pop,,,,,,,,,,,,,,,,,,,,,,,,,,,,,,,,,,,,,,,,,,,,,,,,,,,,,,,,,,,,,,,,,,,,,,,,,,,,,,,,,,,,,,,,,,,,,,,,,,,,,,,,,,,,,,,,,,,,,,,,,2,,,,,,,,,,,,,,,,,,,6,,,,,,,,,,,,,,,,,,,,,,,,,,,,,,,,,,,
Pixies,https://lastfm.freetls.fastly.net/i/u/avatar150s/96dc6b9e845e44a6ab04a7f4c084d0f8,alternative,,,,,,,,,,,,,,,,,,,,,,,,,,,,,,,,,,,,,,,,,,,,,,,,,,,,,,,,,,,,,,,,,,,,,,,,,,,,,,,,,,,,,,,,,,,,,,,,,,,,,,,,,,,,,,,,,,,,,,,,,,,,1,,,,,,,,,,,,,,,,,,,,,,33,,,,,,,,,,,,,,,,,,,,,,,,,,,,,
Deafheaven,https://lastfm.freetls.fastly.net/i/u/avatar150s/5183d9f591414048c0aa1b4fe1845c3c,black metal,,,,,,,,,,,,,,,,,,,,,,,,,,,,,,,,,,,,,,,,,,,,,,,,,,,,,,,,,,,,,,,,,,,,,,,,,,,,,,,,,,,,,,,,,,,,,,,,,,,,,,,,,,,,,,,,,,,,,,,,,,,,9,,,,,,,,,,,,,,,,,,,,,,,,,,,,,,,,,,,,,,,,,,,,15,,,,,,,
Arcade Fire,https://lastfm.freetls.fastly.net/i/u/avatar150s/381548616610c103a7d3868d44ac2e87,indie,,,,,,,,,,,,,,,,,,,,,,,,,,,,,,,,,,,,,,,,,,,,,,,,,,,,,,,,,,,,,,,,,,,,,,,,,,,,,,,,,,,,,,,,,,,,,,,,,,,,,,,,,,,,,,,,,,,,,,,,,,,,,,,,6,,,,,,,,,,,,,,,,,,,,,,,,,,,,,,,,,,,,,,,,,,,,,,,
Queen,https://lastfm.freetls.fastly.net/i/u/avatar150s/bd3b4dad5ca04c5da7fa22f897bc1cd0,classic rock,,,,,,,,,,,,,,,,,,,,,,,,,,,,,,,,,,,,,,,,,,,,,,,,,,,,,,,,,,,,,,,,,,,,,,,,,,,,,,,,,,,,,,,,,,,,,,,,,,,,,,,,,,,,,,,,,,,,,,,,,,,,,,,,,,1,,,,2,3,,,,6,,,,,15,,29,,,,,,,,,,,,,,,,,,,,,,,,,,,30,,
Queen & David Bowie,https://lastfm.freetls.fastly.net/i/u/avatar150s/d37f40af91b740fba0d162fab9f77155,classic rock,,,,,,,,,,,,,,,,,,,,,,,,,,,,,,,,,,,,,,,,,,,,,,,,,,,,,,,,,,,,,,,,,,,,,,,,,,,,,,,,,,,,,,,,,,,,,,,,,,,,,,,,,,,,,,,,,,,,,,,,,,,,,,,,,,,,2,5,6,,,,,9,,,,,10,,,,,,,,,,,,,,,,,,,,,,,,,,,,,,,
Baby Dee,https://lastfm.freetls.fastly.net/i/u/avatar150s/34b07f692b974c1bbf87a76a55a8ecb2,cabaret,,,,,,,,,,,,,,,,,,,,,,,,,,,,,,,,,,,,,,,,,,,,,,,,,,,,,,,,,,,,,,,,,,,,,,,,,,,,,,,,,,,,,,,,,,,,,,,,,,,,,,,,,,,,,,,,,,,,,,,,,,,,,,,,,,,,,13,,,,,,,,,,,,,,,,,,,,,,,,,,,,,,,,,,,,,,,,,,
Oasis,https://lastfm.freetls.fastly.net/i/u/avatar150s/7c6a416c75f74d32cded1c1dc37d864a,britpop,,,,,,,,,,,,,,,,,,,,,,,,,,,,,,,,,,,,,,,,,,,,,,,,,,,,,,,,,,,,,,,,,,,,,,,,,,,,,,,,,,,,,,,,,,,,,,,,,,,,,,,,,,,,,,,,,,,,,,,,,,,,,,,,,,,,,,,,1,,,,2,,16,,,,27,,,,31,,,,,,32,36,,40,,,,,,,,,,,,,,,,
Tame Impala,https://lastfm.freetls.fastly.net/i/u/avatar150s/8a126dfe9a00d8b787599735ee0761dd,psychedelic rock,,,,,,,,,,,,,,,,,,,,,,,,,,,,,,,,,,,,,,,,,,,,,,,,,,,,,,,,,,,,,,,,,,,,,,,,,,,,,,,,,,,,,,,,,,,,,,,,,,,,,,,,,,,,,,,,,,,,,,,,,,,,,,,,,,,,,,,,,,,,1,,,,,5,,,,,,,,6,,,,,,,,,,,,,,,,,,,,,,
PhoMeme,https://lastfm.freetls.fastly.net/i/u/avatar150s/2a96cbd8b46e442fc41c2b86b82156,,,,,,,,,,,,,,,,,,,,,,,,,,,,,,,,,,,,,,,,,,,,,,,,,,,,,,,,,,,,,,,,,,,,,,,,,,,,,,,,,,,,,,,,,,,,,,,,,,,,,,,,,,,,,,,,,,,,,,,,,,,,,,,,,,,,,,,,,,,,,,,,,,,,,,,,,,,,,,,,7,,,,,,13,,,,,,,,,,
Talking Heads,https://lastfm.freetls.fastly.net/i/u/avatar150s/1076b985e0ec4ff096e04bfb4f93bc47,new wave,,,,,,,,,,,,,,,,,,,,,,,,,,,,,,,,,,,,,,,,,,,,,,,,,,,,,,,,,,,,,,,,,,,,,,,,,,,,,,,,,,,,,,,,,,,,,,,,,,,,,,,,,,,,,,,,,,,,,,,,,,,,,,,,,,,,,,,,,,,,,,,,,,,,,,,,,,,,,,,,2,,,15,,,,,,,,,,,,
Pentakill,https://lastfm.freetls.fastly.net/i/u/avatar150s/a3853420eb4aff94dc1ad0ea6094fe04,power metal,,,,,,,,,,,,,,,,,,,,,,,,,,,,,,,,,,,,,,,,,,,,,,,,,,,,,,,,,,,,,,,,,,,,,,,,,,,,,,,,,,,,,,,,,,,,,,,,,,,,,,,,,,,,,,,,,,,,,,,,,,,,,,,,,,,,,,,,,,,,,,,,,,,,,,,,,,,,,,,,,,8,,,,,,,,,,,,,
Slint,https://lastfm.freetls.fastly.net/i/u/avatar150s/e8864eb47727482fb7876ef8244b6d15,post-rock,,,,,,,,,,,,,,,,,,,,,,,,,,,,,,,,,,,,,,,,,,,,,,,,,,,,,,,,,,,,,,,,,,,,,,,,,,,,,,,,,,,,,,,,,,,,,,,,,,,,,,,,,,,,,,,,,,,,,,,,,,,,,,,,,,,,,,,,,,,,,,,,,,,,,,,,,,,,,,,,,,1,,,,7,,,,,,,,,
Ray CHEN,https://lastfm.freetls.fastly.net/i/u/avatar150s/a378bf4e7ab84ba6bcfb8a4f23a69f93,seen live,,,,,,,,,,,,,,,,,,,,,,,,,,,,,,,,,,,,,,,,,,,,,,,,,,,,,,,,,,,,,,,,,,,,,,,,,,,,,,,,,,,,,,,,,,,,,,,,,,,,,,,,,,,,,,,,,,,,,,,,,,,,,,,,,,,,,,,,,,,,,,,,,,,,,,,,,,,,,,,,,,6,,,,,,,,,,,,,
Static-P,https://lastfm.freetls.fastly.net/i/u/avatar150s/e7bf897dbd9351008caf0f9eb0b9a2d5,,,,,,,,,,,,,,,,,,,,,,,,,,,,,,,,,,,,,,,,,,,,,,,,,,,,,,,,,,,,,,,,,,,,,,,,,,,,,,,,,,,,,,,,,,,,,,,,,,,,,,,,,,,,,,,,,,,,,,,,,,,,,,,,,,,,,,,,,,,,,,,,,,,,,,,,,,,,,,,,,,,,14,16,,18,19,,,,20,,,,
Lil Uzi Vert,https://lastfm.freetls.fastly.net/i/u/avatar150s/411e5c3b21638a779e067e39c64e5732,trap,,,,,,,,,,,,,,,,,,,,,,,,,,,,,,,,,,,,,,,,,,,,,,,,,,,,,,,,,,,,,,,,,,,,,,,,,,,,,,,,,,,,,,,,,,,,,,,,,,,,,,,,,,,,,,,,,,,,,,,,,,,,,,,,,,,,,,,,,,,,,,,,,,,,,,,,,,,,,,,,,,,,11,,,,,,,,,,,
AOA,https://lastfm.freetls.fastly.net/i/u/avatar150s/a097f8166d1af8e9acede8047acef21b,k-pop,,,,,,,,,,,,,,,,,,,,,,,,,,,,,,,,,,,,,,,,,,,,,,,,,,,,,,,,,,,,,,,,,,,,,,,,,,,,,,,,,,,,,,,,,,,,,,,,,,,,,,,,,,,,,,,,,,,,,,,,,,,,,,,,,,,,,,,,,,,,,,,,,,,,,,,,,,,,,,,,,,,,,,,,22,,,,,,,
